{"cameraMode":{"drawMode":0,"name":"Shaded","section":"Shading Mode"},"sceneLighting":false,"audioPlay":false,"sceneViewState":{"showFog":true,"showMaterialUpdate":true,"showSkybox":true,"showFlares":true,"showImageEffects":true,"showParticleSystems":true},"in2DMode":false,"pivot":{"x":14.286382675170899,"y":7.731319427490234,"z":-9.481274604797364},"rotation":{"x":-0.1414448469877243,"y":-0.1798478662967682,"z":0.026074428111314775,"w":-0.9732407331466675},"size":4.041658401489258,"orthographic":false}