{"cameraMode":{"drawMode":0,"name":"Shaded","section":"Shading Mode"},"sceneLighting":true,"audioPlay":false,"sceneViewState":{"showFog":true,"showMaterialUpdate":true,"showSkybox":true,"showFlares":true,"showImageEffects":true,"showParticleSystems":true},"in2DMode":false,"pivot":{"x":25.15375518798828,"y":1.7933757305145264,"z":2.347264528274536},"rotation":{"x":0.08102721720933914,"y":0.894425630569458,"z":-0.18354478478431703,"w":0.4008130431175232},"size":28.518177032470704,"orthographic":false}