{"cameraMode":{"drawMode":0,"name":"Shaded","section":"Shading Mode"},"sceneLighting":false,"audioPlay":false,"sceneViewState":{"showFog":true,"showMaterialUpdate":true,"showSkybox":true,"showFlares":true,"showImageEffects":true,"showParticleSystems":true},"in2DMode":false,"pivot":{"x":4.539905548095703,"y":2.933724880218506,"z":1.7336540222167969},"rotation":{"x":0.12147955596446991,"y":0.024135729297995569,"z":-0.0029389364644885065,"w":0.992344081401825},"size":4.938901424407959,"orthographic":false}