{"cameraMode":{"drawMode":0,"name":"Shaded","section":"Shading Mode"},"sceneLighting":false,"audioPlay":false,"sceneViewState":{"showFog":true,"showMaterialUpdate":true,"showSkybox":true,"showFlares":true,"showImageEffects":true,"showParticleSystems":true},"in2DMode":false,"pivot":{"x":-5.217182636260986,"y":-285.3785705566406,"z":247.89523315429688},"rotation":{"x":-0.41320115327835085,"y":0.03708014637231827,"z":-0.01695406809449196,"w":-0.9098175168037415},"size":398.390869140625,"orthographic":false}