{"cameraMode":{"drawMode":0,"name":"Shaded","section":"Shading Mode"},"sceneLighting":true,"audioPlay":false,"sceneViewState":{"showFog":true,"showMaterialUpdate":false,"showSkybox":true,"showFlares":true,"showImageEffects":true,"showParticleSystems":true},"in2DMode":false,"pivot":{"x":6.079013347625732,"y":3.5499014854431154,"z":9.05306339263916},"rotation":{"x":0.05657106265425682,"y":0.34433597326278689,"z":-0.020810453221201898,"w":0.9369686245918274},"size":11.062654495239258,"orthographic":false}